4fceea171983d5d06c3e9823,Aquarium,4d4b7104d754a06370d81259,Arts & Entertainment
4bf58dd8d48988d1e1931735,Arcade,4d4b7104d754a06370d81259,Arts & Entertainment
4bf58dd8d48988d1e2931735,Art Gallery,4d4b7104d754a06370d81259,Arts & Entertainment
4bf58dd8d48988d1e4931735,Bowling Alley,4d4b7104d754a06370d81259,Arts & Entertainment
4bf58dd8d48988d17c941735,Casino,4d4b7104d754a06370d81259,Arts & Entertainment
4bf58dd8d48988d18e941735,Comedy Club,4d4b7104d754a06370d81259,Arts & Entertainment
5032792091d4c4b30a586d5c,Concert Hall,4d4b7104d754a06370d81259,Arts & Entertainment
4bf58dd8d48988d1f1931735,General Entertainment,4d4b7104d754a06370d81259,Arts & Entertainment
4deefb944765f83613cdba6e,Historic Site,4d4b7104d754a06370d81259,Arts & Entertainment
4bf58dd8d48988d17e941735,Indie Movie Theater,4bf58dd8d48988d17f941735,Movie Theater
4bf58dd8d48988d180941735,Multiplex,4bf58dd8d48988d17f941735,Movie Theater
4bf58dd8d48988d17f941735,Movie Theater,4d4b7104d754a06370d81259,Arts & Entertainment
4bf58dd8d48988d18f941735,Art Museum,4bf58dd8d48988d181941735,Museum
4bf58dd8d48988d190941735,History Museum,4bf58dd8d48988d181941735,Museum
4bf58dd8d48988d192941735,Planetarium,4bf58dd8d48988d181941735,Museum
4bf58dd8d48988d191941735,Science Museum,4bf58dd8d48988d181941735,Museum
4bf58dd8d48988d181941735,Museum,4d4b7104d754a06370d81259,Arts & Entertainment
4bf58dd8d48988d1e7931735,Jazz Club,4bf58dd8d48988d1e5931735,Music Venue
4bf58dd8d48988d1e8931735,Piano Bar,4bf58dd8d48988d1e5931735,Music Venue
4bf58dd8d48988d1e9931735,Rock Club,4bf58dd8d48988d1e5931735,Music Venue
4bf58dd8d48988d1e5931735,Music Venue,4d4b7104d754a06370d81259,Arts & Entertainment
4bf58dd8d48988d134941735,Dance Studio,4bf58dd8d48988d1f2931735,Performing Arts Venue
4bf58dd8d48988d135941735,Indie Theater,4bf58dd8d48988d1f2931735,Performing Arts Venue
4bf58dd8d48988d136941735,Opera House,4bf58dd8d48988d1f2931735,Performing Arts Venue
4bf58dd8d48988d137941735,Theater,4bf58dd8d48988d1f2931735,Performing Arts Venue
4bf58dd8d48988d1f2931735,Performing Arts Venue,4d4b7104d754a06370d81259,Arts & Entertainment
4bf58dd8d48988d1e3931735,Pool Hall,4d4b7104d754a06370d81259,Arts & Entertainment
507c8c4091d498d9fc8c67a9,Public Art,4d4b7104d754a06370d81259,Arts & Entertainment
4bf58dd8d48988d1f4931735,Racetrack,4d4b7104d754a06370d81259,Arts & Entertainment
4bf58dd8d48988d18c941735,Baseball Stadium,4bf58dd8d48988d184941735,Stadium
4bf58dd8d48988d18b941735,Basketball Stadium,4bf58dd8d48988d184941735,Stadium
4bf58dd8d48988d18a941735,Cricket Ground,4bf58dd8d48988d184941735,Stadium
4bf58dd8d48988d189941735,Football Stadium,4bf58dd8d48988d184941735,Stadium
4bf58dd8d48988d185941735,Hockey Arena,4bf58dd8d48988d184941735,Stadium
4bf58dd8d48988d188941735,Soccer Stadium,4bf58dd8d48988d184941735,Stadium
4e39a891bd410d7aed40cbc2,Tennis,4bf58dd8d48988d184941735,Stadium
4bf58dd8d48988d187941735,Track Stadium,4bf58dd8d48988d184941735,Stadium
4bf58dd8d48988d184941735,Stadium,4d4b7104d754a06370d81259,Arts & Entertainment
4bf58dd8d48988d182941735,Theme Park,4d4b7104d754a06370d81259,Arts & Entertainment
4bf58dd8d48988d193941735,Water Park,4d4b7104d754a06370d81259,Arts & Entertainment
4bf58dd8d48988d17b941735,Zoo,4d4b7104d754a06370d81259,Arts & Entertainment
4d4b7104d754a06370d81259,Arts & Entertainment,,
4bf58dd8d48988d199941735,College Arts Building,4bf58dd8d48988d198941735,College Academic Building
4bf58dd8d48988d19a941735,College Communications Building,4bf58dd8d48988d198941735,College Academic Building
4bf58dd8d48988d19e941735,College Engineering Building,4bf58dd8d48988d198941735,College Academic Building
4bf58dd8d48988d19d941735,College History Building,4bf58dd8d48988d198941735,College Academic Building
4bf58dd8d48988d19c941735,College Math Building,4bf58dd8d48988d198941735,College Academic Building
4bf58dd8d48988d19b941735,College Science Building,4bf58dd8d48988d198941735,College Academic Building
4bf58dd8d48988d19f941735,College Technology Building,4bf58dd8d48988d198941735,College Academic Building
4bf58dd8d48988d198941735,College Academic Building,4d4b7105d754a06372d81259,College & University
4bf58dd8d48988d197941735,College Administrative Building,4d4b7105d754a06372d81259,College & University
4bf58dd8d48988d1af941735,College Auditorium,4d4b7105d754a06372d81259,College & University
4bf58dd8d48988d1b1941735,College Bookstore,4d4b7105d754a06372d81259,College & University
4bf58dd8d48988d1a1941735,College Cafeteria,4d4b7105d754a06372d81259,College & University
4bf58dd8d48988d1a0941735,College Classroom,4d4b7105d754a06372d81259,College & University
4bf58dd8d48988d1b2941735,College Gym,4d4b7105d754a06372d81259,College & University
4bf58dd8d48988d1a5941735,College Lab,4d4b7105d754a06372d81259,College & University
4bf58dd8d48988d1a7941735,College Library,4d4b7105d754a06372d81259,College & University
4bf58dd8d48988d1aa941735,College Quad,4d4b7105d754a06372d81259,College & University
4bf58dd8d48988d1a9941735,College Rec Center,4d4b7105d754a06372d81259,College & University
4bf58dd8d48988d1a3941735,College Residence Hall,4d4b7105d754a06372d81259,College & University
4bf58dd8d48988d1bb941735,College Baseball Diamond,4bf58dd8d48988d1b4941735,College Stadium
4bf58dd8d48988d1ba941735,College Basketball Court,4bf58dd8d48988d1b4941735,College Stadium
4bf58dd8d48988d1b9941735,College Cricket Pitch,4bf58dd8d48988d1b4941735,College Stadium
4bf58dd8d48988d1b8941735,College Football Field,4bf58dd8d48988d1b4941735,College Stadium
4bf58dd8d48988d1b5941735,College Hockey Rink,4bf58dd8d48988d1b4941735,College Stadium
4bf58dd8d48988d1b7941735,College Soccer Field,4bf58dd8d48988d1b4941735,College Stadium
4e39a9cebd410d7aed40cbc4,College Tennis Court,4bf58dd8d48988d1b4941735,College Stadium
4bf58dd8d48988d1b6941735,College Track,4bf58dd8d48988d1b4941735,College Stadium
4bf58dd8d48988d1b4941735,College Stadium,4d4b7105d754a06372d81259,College & University
4bf58dd8d48988d1ac941735,College Theater,4d4b7105d754a06372d81259,College & University
4bf58dd8d48988d1a2941735,Community College,4d4b7105d754a06372d81259,College & University
4bf58dd8d48988d1b0941735,Fraternity House,4d4b7105d754a06372d81259,College & University
4bf58dd8d48988d1a8941735,General College & University,4d4b7105d754a06372d81259,College & University
4bf58dd8d48988d1a6941735,Law School,4d4b7105d754a06372d81259,College & University
4bf58dd8d48988d1b3941735,Medical School,4d4b7105d754a06372d81259,College & University
4bf58dd8d48988d141941735,Sorority House,4d4b7105d754a06372d81259,College & University
4bf58dd8d48988d1ab941735,Student Center,4d4b7105d754a06372d81259,College & University
4bf58dd8d48988d1ad941735,Trade School,4d4b7105d754a06372d81259,College & University
4bf58dd8d48988d1ae941735,University,4d4b7105d754a06372d81259,College & University
4d4b7105d754a06372d81259,College & University,,
503288ae91d4c4b30a586d67,Afghan Restaurant,4d4b7105d754a06374d81259,Food
4bf58dd8d48988d1c8941735,African Restaurant,4d4b7105d754a06374d81259,Food
4bf58dd8d48988d14e941735,American Restaurant,4d4b7105d754a06374d81259,Food
4bf58dd8d48988d152941735,Arepa Restaurant,4d4b7105d754a06374d81259,Food
4bf58dd8d48988d107941735,Argentinian Restaurant,4d4b7105d754a06374d81259,Food
4bf58dd8d48988d142941735,Asian Restaurant,4d4b7105d754a06374d81259,Food
4bf58dd8d48988d169941735,Australian Restaurant,4d4b7105d754a06374d81259,Food
4bf58dd8d48988d1df931735,BBQ Joint,4d4b7105d754a06374d81259,Food
4bf58dd8d48988d179941735,Bagel Shop,4d4b7105d754a06374d81259,Food
4bf58dd8d48988d16a941735,Bakery,4d4b7105d754a06374d81259,Food
4bf58dd8d48988d16b941735,Brazilian Restaurant,4d4b7105d754a06374d81259,Food
4bf58dd8d48988d143941735,Breakfast Spot,4d4b7105d754a06374d81259,Food
50327c8591d4c4b30a586d5d,Brewery,4d4b7105d754a06374d81259,Food
4bf58dd8d48988d16c941735,Burger Joint,4d4b7105d754a06374d81259,Food
4bf58dd8d48988d153941735,Burrito Place,4d4b7105d754a06374d81259,Food
4bf58dd8d48988d16d941735,Caf√©,4d4b7105d754a06374d81259,Food
4bf58dd8d48988d17a941735,Cajun / Creole Restaurant,4d4b7105d754a06374d81259,Food
4bf58dd8d48988d144941735,Caribbean Restaurant,4d4b7105d754a06374d81259,Food
4bf58dd8d48988d145941735,Chinese Restaurant,4d4b7105d754a06374d81259,Food
4bf58dd8d48988d1e0931735,Coffee Shop,4d4b7105d754a06374d81259,Food
4bf58dd8d48988d154941735,Cuban Restaurant,4d4b7105d754a06374d81259,Food
4bf58dd8d48988d1bc941735,Cupcake Shop,4d4b7105d754a06374d81259,Food
4bf58dd8d48988d146941735,Deli / Bodega,4d4b7105d754a06374d81259,Food
4bf58dd8d48988d1d0941735,Dessert Shop,4d4b7105d754a06374d81259,Food
4bf58dd8d48988d1f5931735,Dim Sum Restaurant,4d4b7105d754a06374d81259,Food
4bf58dd8d48988d147941735,Diner,4d4b7105d754a06374d81259,Food
4e0e22f5a56208c4ea9a85a0,Distillery,4d4b7105d754a06374d81259,Food
4bf58dd8d48988d148941735,Donut Shop,4d4b7105d754a06374d81259,Food
4bf58dd8d48988d108941735,Dumpling Restaurant,4d4b7105d754a06374d81259,Food
4bf58dd8d48988d109941735,Eastern European Restaurant,4d4b7105d754a06374d81259,Food
4bf58dd8d48988d10a941735,Ethiopian Restaurant,4d4b7105d754a06374d81259,Food
4bf58dd8d48988d10b941735,Falafel Restaurant,4d4b7105d754a06374d81259,Food
4bf58dd8d48988d16e941735,Fast Food Restaurant,4d4b7105d754a06374d81259,Food
4eb1bd1c3b7b55596b4a748f,Filipino Restaurant,4d4b7105d754a06374d81259,Food
4edd64a0c7ddd24ca188df1a,Fish & Chips Shop,4d4b7105d754a06374d81259,Food
4bf58dd8d48988d1cb941735,Food Truck,4d4b7105d754a06374d81259,Food
4bf58dd8d48988d10c941735,French Restaurant,4d4b7105d754a06374d81259,Food
4d4ae6fc7a7b7dea34424761,Fried Chicken Joint,4d4b7105d754a06374d81259,Food
4bf58dd8d48988d155941735,Gastropub,4d4b7105d754a06374d81259,Food
4bf58dd8d48988d10d941735,German Restaurant,4d4b7105d754a06374d81259,Food
4c2cd86ed066bed06c3c5209,Gluten-free Restaurant,4d4b7105d754a06374d81259,Food
4bf58dd8d48988d10e941735,Greek Restaurant,4d4b7105d754a06374d81259,Food
4bf58dd8d48988d16f941735,Hot Dog Joint,4d4b7105d754a06374d81259,Food
4bf58dd8d48988d1c9941735,Ice Cream Shop,4d4b7105d754a06374d81259,Food
4bf58dd8d48988d10f941735,Indian Restaurant,4d4b7105d754a06374d81259,Food
4deefc054765f83613cdba6f,Indonesian Restaurant,4d4b7105d754a06374d81259,Food
4bf58dd8d48988d110941735,Italian Restaurant,4d4b7105d754a06374d81259,Food
4bf58dd8d48988d111941735,Japanese Restaurant,4d4b7105d754a06374d81259,Food
4bf58dd8d48988d112941735,Juice Bar,4d4b7105d754a06374d81259,Food
4bf58dd8d48988d113941735,Korean Restaurant,4d4b7105d754a06374d81259,Food
4bf58dd8d48988d1be941735,Latin American Restaurant,4d4b7105d754a06374d81259,Food
4bf58dd8d48988d1bf941735,Mac & Cheese Joint,4d4b7105d754a06374d81259,Food
4bf58dd8d48988d156941735,Malaysian Restaurant,4d4b7105d754a06374d81259,Food
4bf58dd8d48988d1c0941735,Mediterranean Restaurant,4d4b7105d754a06374d81259,Food
4bf58dd8d48988d1c1941735,Mexican Restaurant,4d4b7105d754a06374d81259,Food
4bf58dd8d48988d115941735,Middle Eastern Restaurant,4d4b7105d754a06374d81259,Food
4bf58dd8d48988d1c2941735,Molecular Gastronomy Restaurant,4d4b7105d754a06374d81259,Food
4eb1d5724b900d56c88a45fe,Mongolian Restaurant,4d4b7105d754a06374d81259,Food
4bf58dd8d48988d1c3941735,Moroccan Restaurant,4d4b7105d754a06374d81259,Food
4bf58dd8d48988d157941735,New American Restaurant,4d4b7105d754a06374d81259,Food
4eb1bfa43b7b52c0e1adc2e8,Peruvian Restaurant,4d4b7105d754a06374d81259,Food
4bf58dd8d48988d1ca941735,Pizza Place,4d4b7105d754a06374d81259,Food
4def73e84765ae376e57713a,Portuguese Restaurant,4d4b7105d754a06374d81259,Food
4bf58dd8d48988d1d1941735,Ramen /  Noodle House,4d4b7105d754a06374d81259,Food
4bf58dd8d48988d1c4941735,Restaurant,4d4b7105d754a06374d81259,Food
4bf58dd8d48988d1bd941735,Salad Place,4d4b7105d754a06374d81259,Food
4bf58dd8d48988d1c5941735,Sandwich Place,4d4b7105d754a06374d81259,Food
4bf58dd8d48988d1c6941735,Scandinavian Restaurant,4d4b7105d754a06374d81259,Food
4bf58dd8d48988d1ce941735,Seafood Restaurant,4d4b7105d754a06374d81259,Food
4bf58dd8d48988d1c7941735,Snack Place,4d4b7105d754a06374d81259,Food
4bf58dd8d48988d1dd931735,Soup Place,4d4b7105d754a06374d81259,Food
4bf58dd8d48988d1cd941735,South American Restaurant,4d4b7105d754a06374d81259,Food
4bf58dd8d48988d14f941735,Southern / Soul Food Restaurant,4d4b7105d754a06374d81259,Food
4bf58dd8d48988d14d941735,Paella Restaurant,4bf58dd8d48988d150941735,Spanish Restaurant
4bf58dd8d48988d150941735,Spanish Restaurant,4d4b7105d754a06374d81259,Food
4bf58dd8d48988d1cc941735,Steakhouse,4d4b7105d754a06374d81259,Food
4bf58dd8d48988d1d2941735,Sushi Restaurant,4d4b7105d754a06374d81259,Food
4bf58dd8d48988d158941735,Swiss Restaurant,4d4b7105d754a06374d81259,Food
4bf58dd8d48988d151941735,Taco Place,4d4b7105d754a06374d81259,Food
4bf58dd8d48988d1db931735,Tapas Restaurant,4d4b7105d754a06374d81259,Food
4bf58dd8d48988d1dc931735,Tea Room,4d4b7105d754a06374d81259,Food
4bf58dd8d48988d149941735,Thai Restaurant,4d4b7105d754a06374d81259,Food
4f04af1f2fb6e1c99f3db0bb,Turkish Restaurant,4d4b7105d754a06374d81259,Food
4bf58dd8d48988d1d3941735,Vegetarian / Vegan Restaurant,4d4b7105d754a06374d81259,Food
4bf58dd8d48988d14a941735,Vietnamese Restaurant,4d4b7105d754a06374d81259,Food
4bf58dd8d48988d14b941735,Winery,4d4b7105d754a06374d81259,Food
4bf58dd8d48988d14c941735,Wings Joint,4d4b7105d754a06374d81259,Food
4d4b7105d754a06374d81259,Food,,
4bf58dd8d48988d116941735,Bar,4d4b7105d754a06376d81259,Nightlife Spot
4bf58dd8d48988d117941735,Beer Garden,4d4b7105d754a06376d81259,Nightlife Spot
4bf58dd8d48988d11e941735,Cocktail Bar,4d4b7105d754a06376d81259,Nightlife Spot
4bf58dd8d48988d118941735,Dive Bar,4d4b7105d754a06376d81259,Nightlife Spot
4bf58dd8d48988d1d8941735,Gay Bar,4d4b7105d754a06376d81259,Nightlife Spot
4bf58dd8d48988d119941735,Hookah Bar,4d4b7105d754a06376d81259,Nightlife Spot
4bf58dd8d48988d1d5941735,Hotel Bar,4d4b7105d754a06376d81259,Nightlife Spot
4bf58dd8d48988d120941735,Karaoke Bar,4d4b7105d754a06376d81259,Nightlife Spot
4bf58dd8d48988d121941735,Lounge,4d4b7105d754a06376d81259,Nightlife Spot
4bf58dd8d48988d11f941735,Nightclub,4d4b7105d754a06376d81259,Nightlife Spot
4bf58dd8d48988d11a941735,Other Nightlife,4d4b7105d754a06376d81259,Nightlife Spot
4bf58dd8d48988d11b941735,Pub,4d4b7105d754a06376d81259,Nightlife Spot
4bf58dd8d48988d11c941735,Sake Bar,4d4b7105d754a06376d81259,Nightlife Spot
4bf58dd8d48988d1d4941735,Speakeasy,4d4b7105d754a06376d81259,Nightlife Spot
4bf58dd8d48988d11d941735,Sports Bar,4d4b7105d754a06376d81259,Nightlife Spot
4bf58dd8d48988d1d6941735,Strip Club,4d4b7105d754a06376d81259,Nightlife Spot
4bf58dd8d48988d122941735,Whisky Bar,4d4b7105d754a06376d81259,Nightlife Spot
4bf58dd8d48988d123941735,Wine Bar,4d4b7105d754a06376d81259,Nightlife Spot
4d4b7105d754a06376d81259,Nightlife Spot,,
4bf58dd8d48988d1e8941735,Baseball Field,4f4528bc4b90abdf24c9de85,Athletic & Sport
4bf58dd8d48988d1e1941735,Basketball Court,4f4528bc4b90abdf24c9de85,Athletic & Sport
4bf58dd8d48988d1e6941735,Golf Course,4f4528bc4b90abdf24c9de85,Athletic & Sport
4f452cd44b9081a197eba860,Hockey Field,4f4528bc4b90abdf24c9de85,Athletic & Sport
5032829591d4c4b30a586d5e,Paintball Field,4f4528bc4b90abdf24c9de85,Athletic & Sport
4bf58dd8d48988d167941735,Skate Park,4f4528bc4b90abdf24c9de85,Athletic & Sport
4bf58dd8d48988d168941735,Skating Rink,4f4528bc4b90abdf24c9de85,Athletic & Sport
4cce455aebf7b749d5e191f5,Soccer Field,4f4528bc4b90abdf24c9de85,Athletic & Sport
4e39a956bd410d7aed40cbc3,Tennis Court,4f4528bc4b90abdf24c9de85,Athletic & Sport
4eb1bf013b7b6f98df247e07,Volleyball Court,4f4528bc4b90abdf24c9de85,Athletic & Sport
4f4528bc4b90abdf24c9de85,Athletic & Sport,4d4b7105d754a06377d81259,Outdoors & Recreation
4bf58dd8d48988d1e3941735,Surf Spot,4bf58dd8d48988d1e2941735,Beach
4bf58dd8d48988d1e2941735,Beach,4d4b7105d754a06377d81259,Outdoors & Recreation
4bf58dd8d48988d1df941735,Bridge,4d4b7105d754a06377d81259,Outdoors & Recreation
4bf58dd8d48988d1e4941735,Campground,4d4b7105d754a06377d81259,Outdoors & Recreation
50aaa49e4b90af0d42d5de11,Castle,4d4b7105d754a06377d81259,Outdoors & Recreation
4bf58dd8d48988d15c941735,Cemetery,4d4b7105d754a06377d81259,Outdoors & Recreation
50aa9e094b90af0d42d5de0d,City,4d4b7105d754a06377d81259,Outdoors & Recreation
4bf58dd8d48988d1e5941735,Dog Run,4d4b7105d754a06377d81259,Outdoors & Recreation
4bf58dd8d48988d15b941735,Farm,4d4b7105d754a06377d81259,Outdoors & Recreation
4bf58dd8d48988d15f941735,Field,4d4b7105d754a06377d81259,Outdoors & Recreation
4bf58dd8d48988d15a941735,Garden,4d4b7105d754a06377d81259,Outdoors & Recreation
4bf58dd8d48988d1e0941735,Harbor / Marina,4d4b7105d754a06377d81259,Outdoors & Recreation
4bf58dd8d48988d159941735,Hiking Trail,4d4b7105d754a06377d81259,Outdoors & Recreation
4bf58dd8d48988d160941735,Hot Spring,4d4b7105d754a06377d81259,Outdoors & Recreation
50aaa4314b90af0d42d5de10,Island,4d4b7105d754a06377d81259,Outdoors & Recreation
4bf58dd8d48988d161941735,Lake,4d4b7105d754a06377d81259,Outdoors & Recreation
4bf58dd8d48988d15d941735,Lighthouse,4d4b7105d754a06377d81259,Outdoors & Recreation
4eb1d4d54b900d56c88a45fc,Mountain,4d4b7105d754a06377d81259,Outdoors & Recreation
4f2a25ac4b909258e854f55f,Neighborhood,4d4b7105d754a06377d81259,Outdoors & Recreation
4bf58dd8d48988d162941735,Other Great Outdoors,4d4b7105d754a06377d81259,Outdoors & Recreation
4bf58dd8d48988d163941735,Park,4d4b7105d754a06377d81259,Outdoors & Recreation
4bf58dd8d48988d1e7941735,Playground,4d4b7105d754a06377d81259,Outdoors & Recreation
4bf58dd8d48988d164941735,Plaza,4d4b7105d754a06377d81259,Outdoors & Recreation
4bf58dd8d48988d15e941735,Pool,4d4b7105d754a06377d81259,Outdoors & Recreation
4eb1d4dd4b900d56c88a45fd,River,4d4b7105d754a06377d81259,Outdoors & Recreation
50328a4b91d4c4b30a586d6b,Rock Climbing Spot,4d4b7105d754a06377d81259,Outdoors & Recreation
4bf58dd8d48988d165941735,Scenic Lookout,4d4b7105d754a06377d81259,Outdoors & Recreation
4bf58dd8d48988d166941735,Sculpture Garden,4d4b7105d754a06377d81259,Outdoors & Recreation
4bf58dd8d48988d1ea941735,Apres Ski Bar,4bf58dd8d48988d1e9941735,Ski Area
4eb1c0ed3b7b52c0e1adc2ea,Ski Chairlift,4bf58dd8d48988d1e9941735,Ski Area
4bf58dd8d48988d1ec941735,Ski Chalet,4bf58dd8d48988d1e9941735,Ski Area
4bf58dd8d48988d1eb941735,Ski Lodge,4bf58dd8d48988d1e9941735,Ski Area
4eb1c0f63b7b52c0e1adc2eb,Ski Trail,4bf58dd8d48988d1e9941735,Ski Area
4bf58dd8d48988d1e9941735,Ski Area,4d4b7105d754a06377d81259,Outdoors & Recreation
4eb1baf03b7b2c5b1d4306ca,Stables,4d4b7105d754a06377d81259,Outdoors & Recreation
4bf58dd8d48988d1de941735,Vineyard,4d4b7105d754a06377d81259,Outdoors & Recreation
5032848691d4c4b30a586d61,Volcano,4d4b7105d754a06377d81259,Outdoors & Recreation
4fbc1be21983fc883593e321,Well,4d4b7105d754a06377d81259,Outdoors & Recreation
4d4b7105d754a06377d81259,Outdoors & Recreation,,
4e52d2d203646f7c19daa8ae,Animal Shelter,4d4b7105d754a06375d81259,Professional & Other Places
4bf58dd8d48988d173941735,Auditorium,4d4b7105d754a06375d81259,Professional & Other Places
4bf58dd8d48988d130941735,Building,4d4b7105d754a06375d81259,Professional & Other Places
4bf58dd8d48988d100941735,Meeting Room,4bf58dd8d48988d1ff931735,Convention Center
4bf58dd8d48988d1ff931735,Convention Center,4d4b7105d754a06375d81259,Professional & Other Places
4bf58dd8d48988d171941735,Event Space,4d4b7105d754a06375d81259,Professional & Other Places
4eb1bea83b7b6f98df247e06,Factory,4d4b7105d754a06375d81259,Professional & Other Places
4eb1daf44b900d56c88a4600,Fair,4d4b7105d754a06375d81259,Professional & Other Places
4f4534884b9074f6e4fb0174,Funeral Home,4d4b7105d754a06375d81259,Professional & Other Places
4bf58dd8d48988d12a941735,Capitol Building,4bf58dd8d48988d126941735,Government Building
4bf58dd8d48988d129941735,City Hall,4bf58dd8d48988d126941735,Government Building
4bf58dd8d48988d12b941735,Courthouse,4bf58dd8d48988d126941735,Government Building
4bf58dd8d48988d12c941735,Fire Station,4bf58dd8d48988d126941735,Government Building
4bf58dd8d48988d12d941735,Monument / Landmark,4bf58dd8d48988d126941735,Government Building
4bf58dd8d48988d12e941735,Police Station,4bf58dd8d48988d126941735,Government Building
4bf58dd8d48988d126941735,Government Building,4d4b7105d754a06375d81259,Professional & Other Places
4bf58dd8d48988d12f941735,Library,4d4b7105d754a06375d81259,Professional & Other Places
4bf58dd8d48988d178941735,Dentist's Office,4bf58dd8d48988d104941735,Medical Center
4bf58dd8d48988d177941735,Doctor's Office,4bf58dd8d48988d104941735,Medical Center
4bf58dd8d48988d194941735,Emergency Room,4bf58dd8d48988d104941735,Medical Center
4bf58dd8d48988d196941735,Hospital,4bf58dd8d48988d104941735,Medical Center
4f4531b14b9074f6e4fb0103,Laboratory,4bf58dd8d48988d104941735,Medical Center
4d954afda243a5684865b473,Optical Shop,4bf58dd8d48988d104941735,Medical Center
4d954af4a243a5684765b473,Veterinarian,4bf58dd8d48988d104941735,Medical Center
4bf58dd8d48988d104941735,Medical Center,4d4b7105d754a06375d81259,Professional & Other Places
4e52adeebd41615f56317744,Military Base,4d4b7105d754a06375d81259,Professional & Other Places
50328a8e91d4c4b30a586d6c,Non-Profit,4d4b7105d754a06375d81259,Professional & Other Places
4bf58dd8d48988d128941735,Cafeteria,4bf58dd8d48988d124941735,Office
5032764e91d4c4b30a586d5a,Campaign Office,4bf58dd8d48988d124941735,Office
4bf58dd8d48988d127941735,Conference Room,4bf58dd8d48988d124941735,Office
4bf58dd8d48988d174941735,Coworking Space,4bf58dd8d48988d124941735,Office
4bf58dd8d48988d125941735,Tech Startup,4bf58dd8d48988d124941735,Office
4bf58dd8d48988d124941735,Office,4d4b7105d754a06375d81259,Professional & Other Places
4c38df4de52ce0d596b336e1,Parking,4d4b7105d754a06375d81259,Professional & Other Places
4bf58dd8d48988d172941735,Post Office,4d4b7105d754a06375d81259,Professional & Other Places
5032856091d4c4b30a586d63,Radio Station,4d4b7105d754a06375d81259,Professional & Other Places
4f4533804b9074f6e4fb0105,Elementary School,4bf58dd8d48988d13b941735,School
4bf58dd8d48988d13d941735,High School,4bf58dd8d48988d13b941735,School
4f4533814b9074f6e4fb0106,Middle School,4bf58dd8d48988d13b941735,School
4f04b10d2fb6e1c99f3db0be,Music School,4bf58dd8d48988d13b941735,School
4f4533814b9074f6e4fb0107,Nursery School,4bf58dd8d48988d13b941735,School
4bf58dd8d48988d13b941735,School,4d4b7105d754a06375d81259,Professional & Other Places
4bf58dd8d48988d132941735,Church,4bf58dd8d48988d131941735,Spiritual Center
4bf58dd8d48988d138941735,Mosque,4bf58dd8d48988d131941735,Spiritual Center
4eb1d80a4b900d56c88a45ff,Shrine,4bf58dd8d48988d131941735,Spiritual Center
4bf58dd8d48988d139941735,Synagogue,4bf58dd8d48988d131941735,Spiritual Center
4bf58dd8d48988d13a941735,Temple,4bf58dd8d48988d131941735,Spiritual Center
4bf58dd8d48988d131941735,Spiritual Center,4d4b7105d754a06375d81259,Professional & Other Places
4cae28ecbf23941eb1190695,Voting Booth,4d4b7105d754a06375d81259,Professional & Other Places
4d4b7105d754a06375d81259,Professional & Other Places,,
5032891291d4c4b30a586d68,Assisted Living,4e67e38e036454776db1fb3a,Residence
4bf58dd8d48988d103941735,Home (private),4e67e38e036454776db1fb3a,Residence
4f2a210c4b9023bd5841ed28,Housing Development,4e67e38e036454776db1fb3a,Residence
4d954b06a243a5684965b473,Residential Building (Apartment / Condo),4e67e38e036454776db1fb3a,Residence
4e67e38e036454776db1fb3a,Residence,,
4bf58dd8d48988d116951735,Antique Shop,4d4b7105d754a06378d81259,Shop & Service
4bf58dd8d48988d127951735,Arts & Crafts Store,4d4b7105d754a06378d81259,Shop & Service
4bf58dd8d48988d124951735,Automotive Shop,4d4b7105d754a06378d81259,Shop & Service
4bf58dd8d48988d10a951735,Bank,4d4b7105d754a06378d81259,Shop & Service
4bf58dd8d48988d115951735,Bike Shop,4d4b7105d754a06378d81259,Shop & Service
4bf58dd8d48988d1f1941735,Board Shop,4d4b7105d754a06378d81259,Shop & Service
4bf58dd8d48988d114951735,Bookstore,4d4b7105d754a06378d81259,Shop & Service
4bf58dd8d48988d11a951735,Bridal Shop,4d4b7105d754a06378d81259,Shop & Service
4eb1bdf03b7b55596b4a7491,Camera Store,4d4b7105d754a06378d81259,Shop & Service
4bf58dd8d48988d117951735,Candy Store,4d4b7105d754a06378d81259,Shop & Service
4eb1c1623b7b52c0e1adc2ec,Car Dealership,4d4b7105d754a06378d81259,Shop & Service
4f04ae1f2fb6e1c99f3db0ba,Car Wash,4d4b7105d754a06378d81259,Shop & Service
4bf58dd8d48988d102951735,Accessories Store,4bf58dd8d48988d103951735,Clothing Store
4bf58dd8d48988d104951735,Boutique,4bf58dd8d48988d103951735,Clothing Store
4bf58dd8d48988d105951735,Kids Store,4bf58dd8d48988d103951735,Clothing Store
4bf58dd8d48988d109951735,Lingerie Store,4bf58dd8d48988d103951735,Clothing Store
4bf58dd8d48988d106951735,Men's Store,4bf58dd8d48988d103951735,Clothing Store
4bf58dd8d48988d107951735,Shoe Store,4bf58dd8d48988d103951735,Clothing Store
4bf58dd8d48988d108951735,Women's Store,4bf58dd8d48988d103951735,Clothing Store
4bf58dd8d48988d103951735,Clothing Store,4d4b7105d754a06378d81259,Shop & Service
4d954b0ea243a5684a65b473,Convenience Store,4d4b7105d754a06378d81259,Shop & Service
4bf58dd8d48988d10c951735,Cosmetics Shop,4d4b7105d754a06378d81259,Shop & Service
5032850891d4c4b30a586d62,Credit Union,4d4b7105d754a06378d81259,Shop & Service
4f4532974b9074f6e4fb0104,Daycare,4d4b7105d754a06378d81259,Shop & Service
4bf58dd8d48988d1f6941735,Department Store,4d4b7105d754a06378d81259,Shop & Service
4bf58dd8d48988d1f4941735,Design Studio,4d4b7105d754a06378d81259,Shop & Service
4bf58dd8d48988d10f951735,Drugstore / Pharmacy,4d4b7105d754a06378d81259,Shop & Service
5032872391d4c4b30a586d64,EV Charging Station,4d4b7105d754a06378d81259,Shop & Service
4bf58dd8d48988d122951735,Electronics Store,4d4b7105d754a06378d81259,Shop & Service
503287a291d4c4b30a586d65,Financial or Legal Service,4d4b7105d754a06378d81259,Shop & Service
4bf58dd8d48988d1f7941735,Flea Market,4d4b7105d754a06378d81259,Shop & Service
4bf58dd8d48988d11b951735,Flower Shop,4d4b7105d754a06378d81259,Shop & Service
4bf58dd8d48988d11d951735,Butcher,4bf58dd8d48988d1f9941735,Food & Drink Shop
4bf58dd8d48988d11e951735,Cheese Shop,4bf58dd8d48988d1f9941735,Food & Drink Shop
4bf58dd8d48988d1fa941735,Farmers Market,4bf58dd8d48988d1f9941735,Food & Drink Shop
4bf58dd8d48988d10e951735,Fish Market,4bf58dd8d48988d1f9941735,Food & Drink Shop
4bf58dd8d48988d120951735,Food Court,4bf58dd8d48988d1f9941735,Food & Drink Shop
4bf58dd8d48988d1f5941735,Gourmet Shop,4bf58dd8d48988d1f9941735,Food & Drink Shop
4bf58dd8d48988d118951735,Grocery Store,4bf58dd8d48988d1f9941735,Food & Drink Shop
50aa9e744b90af0d42d5de0e,Health Food Store,4bf58dd8d48988d1f9941735,Food & Drink Shop
4bf58dd8d48988d186941735,Liquor Store,4bf58dd8d48988d1f9941735,Food & Drink Shop
4bf58dd8d48988d119951735,Wine Shop,4bf58dd8d48988d1f9941735,Food & Drink Shop
4bf58dd8d48988d1f9941735,Food & Drink Shop,4d4b7105d754a06378d81259,Shop & Service
4bf58dd8d48988d1f8941735,Furniture / Home Store,4d4b7105d754a06378d81259,Shop & Service
4bf58dd8d48988d18d941735,Gaming Cafe,4d4b7105d754a06378d81259,Shop & Service
4eb1c0253b7b52c0e1adc2e9,Garden Center,4d4b7105d754a06378d81259,Shop & Service
4bf58dd8d48988d113951735,Gas Station / Garage,4d4b7105d754a06378d81259,Shop & Service
4bf58dd8d48988d128951735,Gift Shop,4d4b7105d754a06378d81259,Shop & Service
503289d391d4c4b30a586d6a,Climbing Gym,4bf58dd8d48988d175941735,Gym / Fitness Center
4bf58dd8d48988d105941735,Gym Pool,4bf58dd8d48988d175941735,Gym / Fitness Center
4bf58dd8d48988d176941735,Gym,4bf58dd8d48988d175941735,Gym / Fitness Center
4bf58dd8d48988d101941735,Martial Arts Dojo,4bf58dd8d48988d175941735,Gym / Fitness Center
4bf58dd8d48988d106941735,Track,4bf58dd8d48988d175941735,Gym / Fitness Center
4bf58dd8d48988d102941735,Yoga Studio,4bf58dd8d48988d175941735,Gym / Fitness Center
4bf58dd8d48988d175941735,Gym / Fitness Center,4d4b7105d754a06378d81259,Shop & Service
4bf58dd8d48988d112951735,Hardware Store,4d4b7105d754a06378d81259,Shop & Service
4bf58dd8d48988d1fb941735,Hobby Shop,4d4b7105d754a06378d81259,Shop & Service
50aaa5234b90af0d42d5de12,Hunting Supply,4d4b7105d754a06378d81259,Shop & Service
4bf58dd8d48988d1f0941735,Internet Cafe,4d4b7105d754a06378d81259,Shop & Service
4bf58dd8d48988d111951735,Jewelry Store,4d4b7105d754a06378d81259,Shop & Service
4bf58dd8d48988d1fc941735,Laundry Service,4d4b7105d754a06378d81259,Shop & Service
4bf58dd8d48988d1fd941735,Mall,4d4b7105d754a06378d81259,Shop & Service
50be8ee891d4fa8dcc7199a7,Market,4d4b7105d754a06378d81259,Shop & Service
4bf58dd8d48988d1ff941735,Miscellaneous Shop,4d4b7105d754a06378d81259,Shop & Service
4f04afc02fb6e1c99f3db0bc,Mobile Phone Shop,4d4b7105d754a06378d81259,Shop & Service
5032833091d4c4b30a586d60,Motorcycle Shop,4d4b7105d754a06378d81259,Shop & Service
4bf58dd8d48988d1fe941735,Music Store,4d4b7105d754a06378d81259,Shop & Service
4f04aa0c2fb6e1c99f3db0b8,Nail Salon,4d4b7105d754a06378d81259,Shop & Service
4f04ad622fb6e1c99f3db0b9,Newsstand,4d4b7105d754a06378d81259,Shop & Service
4bf58dd8d48988d121951735,Paper / Office Supplies Store,4d4b7105d754a06378d81259,Shop & Service
5032897c91d4c4b30a586d69,Pet Service,4d4b7105d754a06378d81259,Shop & Service
4bf58dd8d48988d100951735,Pet Store,4d4b7105d754a06378d81259,Shop & Service
4eb1bdde3b7b55596b4a7490,Photography Lab,4d4b7105d754a06378d81259,Shop & Service
5032885091d4c4b30a586d66,Real Estate Office,4d4b7105d754a06378d81259,Shop & Service
4bf58dd8d48988d10d951735,Record Shop,4d4b7105d754a06378d81259,Shop & Service
4f4531084b9074f6e4fb0101,Recycling Facility,4d4b7105d754a06378d81259,Shop & Service
4bf58dd8d48988d110951735,Salon / Barbershop,4d4b7105d754a06378d81259,Shop & Service
4bf58dd8d48988d123951735,Smoke Shop,4d4b7105d754a06378d81259,Shop & Service
4bf58dd8d48988d1ed941735,Spa / Massage,4d4b7105d754a06378d81259,Shop & Service
4bf58dd8d48988d1f2941735,Sporting Goods Shop,4d4b7105d754a06378d81259,Shop & Service
4f04b1572fb6e1c99f3db0bf,Storage Facility,4d4b7105d754a06378d81259,Shop & Service
5032781d91d4c4b30a586d5b,Tailor Shop,4d4b7105d754a06378d81259,Shop & Service
4d1cf8421a97d635ce361c31,Tanning Salon,4d4b7105d754a06378d81259,Shop & Service
4bf58dd8d48988d1de931735,Tattoo Parlor,4d4b7105d754a06378d81259,Shop & Service
4bf58dd8d48988d101951735,Thrift / Vintage Store,4d4b7105d754a06378d81259,Shop & Service
4bf58dd8d48988d1f3941735,Toy / Game Store,4d4b7105d754a06378d81259,Shop & Service
4f04b08c2fb6e1c99f3db0bd,Travel Agency,4d4b7105d754a06378d81259,Shop & Service
4bf58dd8d48988d10b951735,Video Game Store,4d4b7105d754a06378d81259,Shop & Service
4bf58dd8d48988d126951735,Video Store,4d4b7105d754a06378d81259,Shop & Service
4d4b7105d754a06378d81259,Shop & Service,,
4bf58dd8d48988d1ef931735,Airport Food Court,4bf58dd8d48988d1ed931735,Airport
4bf58dd8d48988d1f0931735,Airport Gate,4bf58dd8d48988d1ed931735,Airport
4eb1bc533b7b2c5b1d4306cb,Airport Lounge,4bf58dd8d48988d1ed931735,Airport
4bf58dd8d48988d1eb931735,Airport Terminal,4bf58dd8d48988d1ed931735,Airport
4bf58dd8d48988d1ec931735,Airport Tram,4bf58dd8d48988d1ed931735,Airport
4bf58dd8d48988d1f7931735,Plane,4bf58dd8d48988d1ed931735,Airport
4bf58dd8d48988d1ed931735,Airport,4d4b7105d754a06379d81259,Travel & Transport
4e4c9077bd41f78e849722f9,Bike Rental / Bike Share,4d4b7105d754a06379d81259,Travel & Transport
4bf58dd8d48988d12b951735,Bus Line,4bf58dd8d48988d1fe931735,Bus Station
4bf58dd8d48988d1fe931735,Bus Station,4d4b7105d754a06379d81259,Travel & Transport
4bf58dd8d48988d12c951735,Embassy / Consulate,4d4b7105d754a06379d81259,Travel & Transport
4bf58dd8d48988d12d951735,Boat or Ferry,4e51a0c0bd41d3446defbb2e,Ferry
4e74f6cabd41c4836eac4c31,Pier,4e51a0c0bd41d3446defbb2e,Ferry
4e51a0c0bd41d3446defbb2e,Ferry,4d4b7105d754a06379d81259,Travel & Transport
4bf58dd8d48988d1f6931735,General Travel,4d4b7105d754a06379d81259,Travel & Transport
4bf58dd8d48988d1f8931735,Bed & Breakfast,4bf58dd8d48988d1fa931735,Hotel
4f4530a74b9074f6e4fb0100,Boarding House,4bf58dd8d48988d1fa931735,Hotel
4bf58dd8d48988d1ee931735,Hostel,4bf58dd8d48988d1fa931735,Hotel
4bf58dd8d48988d132951735,Hotel Pool,4bf58dd8d48988d1fa931735,Hotel
4bf58dd8d48988d1fb931735,Motel,4bf58dd8d48988d1fa931735,Hotel
4bf58dd8d48988d12f951735,Resort,4bf58dd8d48988d1fa931735,Hotel
4bf58dd8d48988d133951735,Roof Deck,4bf58dd8d48988d1fa931735,Hotel
4bf58dd8d48988d1fa931735,Hotel,4d4b7105d754a06379d81259,Travel & Transport
4bf58dd8d48988d1fc931735,Light Rail,4d4b7105d754a06379d81259,Travel & Transport
4f2a23984b9023bd5841ed2c,Moving Target,4d4b7105d754a06379d81259,Travel & Transport
4bf58dd8d48988d1ef941735,Rental Car Location,4d4b7105d754a06379d81259,Travel & Transport
4d954b16a243a5684b65b473,Rest Area,4d4b7105d754a06379d81259,Travel & Transport
4bf58dd8d48988d1f9931735,Road,4d4b7105d754a06379d81259,Travel & Transport
4bf58dd8d48988d1fd931735,Subway,4d4b7105d754a06379d81259,Travel & Transport
4bf58dd8d48988d130951735,Taxi,4d4b7105d754a06379d81259,Travel & Transport
4f4530164b9074f6e4fb00ff,Tourist Information Center,4d4b7105d754a06379d81259,Travel & Transport
4f4531504b9074f6e4fb0102,Platform,4bf58dd8d48988d129951735,Train Station
4bf58dd8d48988d12a951735,Train,4bf58dd8d48988d129951735,Train Station
4bf58dd8d48988d129951735,Train Station,4d4b7105d754a06379d81259,Travel & Transport
4f04b25d2fb6e1c99f3db0c0,Travel Lounge,4d4b7105d754a06379d81259,Travel & Transport
4d4b7105d754a06379d81259,Travel & Transport,,
